ID,Edad,Ingresos,Ciudad_Label,City_Barcelona,City_Madrid,City_Sevilla,Edad_MinMax,Ing_MinMax,Edad_Z,Ing_Z
1,25,30000.0,1,False,True,False,0.0,0.0,-1.2649110640673518,-1.4142135623730951
2,45,50000.0,2,False,False,True,1.0,1.0,1.2649110640673518,1.4142135623730951
3,30,40000.0,1,False,True,False,0.25,0.5,-0.6324555320336759,0.0
4,40,40000.0,0,True,False,False,0.75,0.5,0.6324555320336759,0.0
